{
  "trade_date": "20260130",
  "predict_date": "20260130",
  "target_trade_date": "20260130",
  "generated_at": "2026-01-30T14:22:33",
  "top_n": 10,
  "top_list": [
    {
      "ts_code": "603979.SH",
      "trade_date": 20260130,
      "industry": "采掘行业",
      "name": "金诚信",
      "close": 79.02,
      "pct_chg": -10.0,
      "amount": 1527843680.0,
      "limit_amount": 351849665.0,
      "float_mv": 49291766163.72,
      "total_mv": 49291765689.6,
      "turnover_ratio": 3.06,
      "fd_amount": 4473717.0,
      "first_time": NaN,
      "last_time": 145013.0,
      "open_times": 49,
      "up_stat": NaN,
      "limit_times": 1.0,
      "limit": "D",
      "__source_file__": "limit_list_d.csv",
      "score": 9.640302651424795,
      "prob": 0.8500832922365128
    },
    {
      "ts_code": "002218.SZ",
      "trade_date": 20260130,
      "industry": "光伏设备",
      "name": "拓日新能",
      "close": 5.9,
      "pct_chg": -10.06,
      "amount": 1512173952.0,
      "limit_amount": 468079025.0,
      "float_mv": 8215149669.1,
      "total_mv": 8336821209.6,
      "turnover_ratio": 17.93,
      "fd_amount": 51591865.0,
      "first_time": NaN,
      "last_time": 140406.0,
      "open_times": 32,
      "up_stat": NaN,
      "limit_times": 1.0,
      "limit": "D",
      "__source_file__": "limit_list_d.csv",
      "score": 6.242130981220126,
      "prob": 0.7546528279383881
    },
    {
      "ts_code": "002155.SZ",
      "trade_date": 20260130,
      "industry": "贵金属",
      "name": "湖南黄金",
      "close": 37.0,
      "pct_chg": 9.99,
      "amount": 13414327808.0,
      "limit_amount": NaN,
      "float_mv": 57812879509.0,
      "total_mv": 57818098544.0,
      "turnover_ratio": 23.32,
      "fd_amount": 22329981.0,
      "first_time": 92500.0,
      "last_time": 144703.0,
      "open_times": 9,
      "up_stat": "5/5",
      "limit_times": 5.0,
      "limit": "U",
      "__source_file__": "limit_list_d.csv",
      "score": 5.995427857676454,
      "prob": 0.7463382093581887
    },
    {
      "ts_code": "002828.SZ",
      "trade_date": 20260130,
      "industry": "采掘行业",
      "name": "贝肯能源",
      "close": 13.09,
      "pct_chg": -9.97,
      "amount": 726025248.0,
      "limit_amount": 152657930.0,
      "float_mv": 2533726252.75,
      "total_mv": 2630927684.0,
      "turnover_ratio": 27.93,
      "fd_amount": 36897568.0,
      "first_time": NaN,
      "last_time": 140357.0,
      "open_times": 29,
      "up_stat": NaN,
      "limit_times": 1.0,
      "limit": "D",
      "__source_file__": "limit_list_d.csv",
      "score": 5.509497536663007,
      "prob": 0.729425459512284
    },
    {
      "ts_code": "601600.SH",
      "trade_date": 20260130,
      "industry": "有色金属",
      "name": "中国铝业",
      "close": 14.13,
      "pct_chg": -10.0,
      "amount": 11154511872.0,
      "limit_amount": 1547248901.0,
      "float_mv": 186139649866.23,
      "total_mv": 242409081968.64,
      "turnover_ratio": 5.9,
      "fd_amount": 117175299.0,
      "first_time": NaN,
      "last_time": 144539.0,
      "open_times": 17,
      "up_stat": NaN,
      "limit_times": 1.0,
      "limit": "D",
      "__source_file__": "limit_list_d.csv",
      "score": 4.937620928536349,
      "prob": 0.708636643404194
    },
    {
      "ts_code": "000546.SZ",
      "trade_date": 20260130,
      "industry": "环保行业",
      "name": "金圆股份",
      "close": 5.83,
      "pct_chg": -10.03,
      "amount": 350602000.0,
      "limit_amount": 499737064.0,
      "float_mv": 4061791350.98,
      "total_mv": 4533689332.48,
      "turnover_ratio": 8.5,
      "fd_amount": 4916439.0,
      "first_time": NaN,
      "last_time": 140824.0,
      "open_times": 25,
      "up_stat": NaN,
      "limit_times": 1.0,
      "limit": "D",
      "__source_file__": "limit_list_d.csv",
      "score": 4.643028524597023,
      "prob": 0.6975683361243833
    },
    {
      "ts_code": "600371.SH",
      "trade_date": 20260130,
      "industry": "农牧饲渔",
      "name": "万向德农",
      "close": 10.29,
      "pct_chg": 10.05,
      "amount": 618444912.0,
      "limit_amount": NaN,
      "float_mv": 3010627620.0,
      "total_mv": 3010627620.0,
      "turnover_ratio": 20.92,
      "fd_amount": 27014110.0,
      "first_time": 95724.0,
      "last_time": 112948.0,
      "open_times": 13,
      "up_stat": "1/1",
      "limit_times": 1.0,
      "limit": "U",
      "__source_file__": "limit_list_d.csv",
      "score": 4.608062991700021,
      "prob": 0.6962389057394053
    },
    {
      "ts_code": "600497.SH",
      "trade_date": 20260130,
      "industry": "有色金属",
      "name": "驰宏锌锗",
      "close": 9.82,
      "pct_chg": -9.99,
      "amount": 2525612144.0,
      "limit_amount": 767762080.0,
      "float_mv": 49496536343.06,
      "total_mv": 49496535685.12,
      "turnover_ratio": 5.01,
      "fd_amount": 117179163.0,
      "first_time": NaN,
      "last_time": 141141.0,
      "open_times": 20,
      "up_stat": NaN,
      "limit_times": 1.0,
      "limit": "D",
      "__source_file__": "limit_list_d.csv",
      "score": 4.02722123536875,
      "prob": 0.6736850774385009
    },
    {
      "ts_code": "605289.SH",
      "trade_date": 20260130,
      "industry": "装修装饰",
      "name": "罗曼股份",
      "close": 80.41,
      "pct_chg": 10.0,
      "amount": 894784208.0,
      "limit_amount": NaN,
      "float_mv": 8711418375.0,
      "total_mv": 8765293075.0,
      "turnover_ratio": 10.53,
      "fd_amount": 16821772.0,
      "first_time": 134226.0,
      "last_time": 143217.0,
      "open_times": 6,
      "up_stat": "1/1",
      "limit_times": 1.0,
      "limit": "U",
      "__source_file__": "limit_list_d.csv",
      "score": 3.8591476917896728,
      "prob": 0.6669997842384435
    },
    {
      "ts_code": "600313.SH",
      "trade_date": 20260130,
      "industry": "农牧饲渔",
      "name": "农发种业",
      "close": 8.83,
      "pct_chg": 9.96,
      "amount": 2258730288.0,
      "limit_amount": NaN,
      "float_mv": 9555814194.29,
      "total_mv": 9555814132.48,
      "turnover_ratio": 24.09,
      "fd_amount": 56578225.0,
      "first_time": 94047.0,
      "last_time": 141429.0,
      "open_times": 7,
      "up_stat": "2/3",
      "limit_times": 1.0,
      "limit": "U",
      "__source_file__": "limit_list_d.csv",
      "score": 3.667617428109365,
      "prob": 0.6592988309700869
    }
  ],
  "items": [
    {
      "ts_code": "603979.SH",
      "trade_date": 20260130,
      "industry": "采掘行业",
      "name": "金诚信",
      "close": 79.02,
      "pct_chg": -10.0,
      "amount": 1527843680.0,
      "limit_amount": 351849665.0,
      "float_mv": 49291766163.72,
      "total_mv": 49291765689.6,
      "turnover_ratio": 3.06,
      "fd_amount": 4473717.0,
      "first_time": NaN,
      "last_time": 145013.0,
      "open_times": 49,
      "up_stat": NaN,
      "limit_times": 1.0,
      "limit": "D",
      "__source_file__": "limit_list_d.csv",
      "score": 9.640302651424795,
      "prob": 0.8500832922365128
    },
    {
      "ts_code": "002218.SZ",
      "trade_date": 20260130,
      "industry": "光伏设备",
      "name": "拓日新能",
      "close": 5.9,
      "pct_chg": -10.06,
      "amount": 1512173952.0,
      "limit_amount": 468079025.0,
      "float_mv": 8215149669.1,
      "total_mv": 8336821209.6,
      "turnover_ratio": 17.93,
      "fd_amount": 51591865.0,
      "first_time": NaN,
      "last_time": 140406.0,
      "open_times": 32,
      "up_stat": NaN,
      "limit_times": 1.0,
      "limit": "D",
      "__source_file__": "limit_list_d.csv",
      "score": 6.242130981220126,
      "prob": 0.7546528279383881
    },
    {
      "ts_code": "002155.SZ",
      "trade_date": 20260130,
      "industry": "贵金属",
      "name": "湖南黄金",
      "close": 37.0,
      "pct_chg": 9.99,
      "amount": 13414327808.0,
      "limit_amount": NaN,
      "float_mv": 57812879509.0,
      "total_mv": 57818098544.0,
      "turnover_ratio": 23.32,
      "fd_amount": 22329981.0,
      "first_time": 92500.0,
      "last_time": 144703.0,
      "open_times": 9,